{"cameraMode":{"drawMode":0,"name":"Shaded","section":"Shading Mode"},"sceneLighting":true,"audioPlay":false,"sceneViewState":{"m_AlwaysRefresh":false,"showFog":true,"showSkybox":true,"showFlares":true,"showImageEffects":true,"showParticleSystems":true,"showVisualEffectGraphs":true,"m_FxEnabled":true},"in2DMode":false,"pivot":{"x":1.2018934488296509,"y":-25.01007652282715,"z":12.016881942749024},"rotation":{"x":-0.5189257860183716,"y":-0.04149933531880379,"z":0.025233125314116479,"w":-0.8534404039382935},"size":25.590396881103517,"orthographic":false}