{"cameraMode":{"drawMode":0,"name":"Shaded","section":"Shading Mode"},"sceneLighting":true,"audioPlay":false,"sceneViewState":{"m_AlwaysRefresh":false,"showFog":true,"showSkybox":true,"showFlares":true,"showImageEffects":true,"showParticleSystems":true,"showVisualEffectGraphs":true,"m_FxEnabled":true},"in2DMode":false,"pivot":{"x":-3.022993564605713,"y":0.08803248405456543,"z":-2.0137557983398439},"rotation":{"x":0.11703751236200333,"y":0.17157654464244843,"z":-0.02052428387105465,"w":0.9780125021934509},"size":16.657756805419923,"orthographic":true}