{"cameraMode":{"drawMode":0,"name":"Shaded","section":"Shading Mode"},"sceneLighting":true,"audioPlay":false,"sceneViewState":{"m_AlwaysRefresh":false,"showFog":true,"showSkybox":true,"showFlares":true,"showImageEffects":true,"showParticleSystems":true,"showVisualEffectGraphs":true,"m_FxEnabled":true},"in2DMode":false,"pivot":{"x":176.00872802734376,"y":204.30015563964845,"z":-38.2654914855957},"rotation":{"x":0.31293317675590517,"y":-0.5637677907943726,"z":0.24349983036518098,"w":0.7245648503303528},"size":26.869728088378908,"orthographic":true}